Company name,Phone number,website (Homepage),Location,Company type,Company Description by Thomasnet,Company Description by the company,Linkedin URL,Annual Sales:,No of Employees:,MANUFACTURING SERVICES,ALL PRODUCTS / SERVICES
Airgas,877-550-9866,https://www.airgas.com/,"Conshohocken, PA 19428 | Locations",Distributor,"Manufacturer of industrial, medical and specialty gases and distributor of related hardgoods, welding supplies, safety products. Producer and distributor of nitrous oxide and dry ice, liquid carbon dioxide, process chemicals, refrigerants & ammonia products. Locations include over 900 branches, cylinder fill plants, production facilities, specialty gas laboratories & regional distribution centers.","Airgas, Inc., an Air Liquide company, through its subsidiaries, is the largest U.S. distributor of industrial, medical and specialty gases, and hardgoods, such as welding equipment and supplies. Airgas is also a leading U.S. producer of atmospheric gases, carbon dioxide, dry ice, and nitrous oxide, one of the largest U.S. distributors of safety products, and a leading U.S. distributor of refrigerants, ammonia products, and process chemicals. 

Airgas was founded in 1982. Through approximately 400 acquisitions and internal growth, Airgas has built the largest national distribution network in the packaged gas industry. More than 14,000 employees work in more than 1,100 locations includes branches, cylinder fill plants, production facilities, specialty gas laboratories, and regional distribution centers to serve a diversified customer base. Airgas markets through multiple channels, including its own branches and outside sales force, a Strategic Accounts Team focused on large customers, distributors More... and resellers, telesales, catalog and eBusiness channels. Less",www.linkedin.com/company/airgas,$250 Mil. and over,1000+  Employees,"Gas Detectors: Digital
Detectors: Gas
Detectors: Leak


Gas Detectors: Custom
Gas Leak Detection Equipment","All Products / Services

Welders
Welding Supplies
Welding Rods, Wire and Electrodes
Treatment Equipment
Valves
Robots
Machinery
Sensors / Detectors / Transducers
Abrasive Compounds / Media
Analyzers
Automation Systems
Consumables


Cutters and Cutting Machinery
Cylinders
Gas Companies
Gas Equipment
Helmets
Monitors
Safety Equipment
Torches
Absorbers
Acetylene
Adapters
Alarms

View all products / services offered"
BDI,866-778-5680,https://www.bdiexpress.com/us/en/,"Cleveland, OH 44125 | Locations",Distributor,"Represents and provides local inventories on hundreds of thousands of products. Global source for MRO and OEM distribution of bearings, mechanical p/t, electrical p/t, hydraulic and pneumatic p/t, sealants and adhesives, hose and rubber products, conveyor belting, material handling systems, industrial tools, and many other industrial products. Specializing in the replacement and application of all types and combinations of devices used in manufacturing facilities.","Our sales and field service forces include highly skilled and trained individuals who specialize in the application of products and services that BDI offers. Working closely with our customers, we provide cost-saving solutions and value-added services including technical expertise, engineering support, repair and inspection, inventory management, product pipeline and storeroom management services.",www.linkedin.com/company/bdi,$250 Mil. and over,1000+  Employees,"Gas Detectors: Digital


Detectors: Gas","All Products / Services

Conveyors
Bearings
Motors
Gearheads and Gearboxes
Gears
Adhesives
Additive Manufacturing Services
Belts
Switches
Harnesses
COVID-19 Response
Heaters
Medical Personal Protective Equipment (PPE)
Motor Controllers and Drives


Bushings
Couplers and Couplings
Fittings
Plugs and Stoppers
Hose
Janitorial Supplies
Safety Equipment
Sensors / Detectors / Transducers
Cylinders
Protectors
Actuators
Power Supplies
Tools
Grease

View all products / services offered"
Control Instruments Corp.,844-339-6766,http://www.controlinstruments.com,"Fairfield, NJ 07004-3295",Manufacturer,"Manufacturer of analyzers, flame ionization detectors and gas sensors. Flammability, British thermal unit (BTU) and infrared process analyzers are offered. Accessories such as calibration equipment, fuel changeover system and touch screen operator interface are available. Serves the chemical and pharmaceutical process, coil coating, gas, oil, pollution control, process oven, dryer, pulp mill, semiconductor, renewable energy, and wastewater treatment industries.","Since 1969 Control Instruments Corporation has dedicated their expertise to the industrial community, providing safe and efficient environments for companies worldwide. We engineer and manufacture high quality solutions to both simple and complex gas detection problems, leaving your facility, employees, and environment safe and secure. Our highly successful gas detection systems are the industry standard for lower flammable limit (LFL) and total hydrocarbon monitoring and are installed and used under the most demanding conditions, from printing, coating, and flexible packaging processes to semiconductor, pharmaceutical and chemical manufacturers. Control Instruments Corporation's family of gas detection products includes continuous process analyzers, flammable gas analyzers, BTU heating value analyzers, hydrocarbon detectors, oxygen, hydrogen sulfide and carbon monoxide monitors and remote access and control devices for all of your gas detection and solvent vapor monitoring needs.",www.linkedin.com/company/control-instruments-corporation,$10 - 24.9 Mil,10-49  Employees,"Gas Detectors: Digital
Detectors: Gas
Detectors: Combustible Gas
Sensors: Gas
Detectors


Detectors: Carbon Monoxide
Detectors: Electrochemical
Detectors: Flame
Detectors: Hydrogen Sulfide
Detectors: Leak

View all Sensors / Detectors / Transducers categories","All Products / Services

Sensors / Detectors / Transducers
Analyzers
Instruments
Alarms
Calorimeters
Controls and Controllers
COVID-19 Response


Indicators
Measuring Equipment
Monitoring Systems
Monitors
Safety Equipment
Testers"
"Figaro USA, Inc.",866-486-0128,https://www.figarosensor.com/,"Rolling Meadows, IL 60008",Manufacturer,"Manufacturer & distributor of solid state & electrochemical gas sensors for combustible gases, carbon monoxide, ammonia, hydrogen, hydrogen sulfide, Freon, hydrocarbon, organic vapor, alcohol & oxygen, for use in gas leak alarms, CO detectors, ventilation control, automatic microwave ovens, breath analyzers, space heaters, water heaters, in-plant monitoring, fermentation control, fire detectors & toxic gas detectors.","The world leader in gas sensing innovation, Figaro has more than 50 years of experience in supplying cost-effective gas sensing solutions in the field of safety, air quality control, HVAC, home appliances, and the automotive industry.",www.linkedin.com/company/figaro-engineering/,$25 - 49.9 Mil,1-9  Employees,"Gas Detectors: Digital
Detectors: Gas
Sensors
Sensors: Gas
Detectors: Carbon Dioxide


Sensors: Carbon Dioxide
Automotive Sensors
Detectors
Detectors: Ammonia
Detectors: Carbon Monoxide

View all Sensors / Detectors / Transducers categories","All Products / Services

Sensors / Detectors / Transducers
Monitors


Alarms
Analyzers"
"PCE Americas, Inc.",844-842-6529,https://www.pce-instruments.com/f/t/us/main.htm,"Jupiter, FL 33458",Manufacturer,"Manufacturer of instruments and related products for commercial, industrial, university and research institution applications. Selection includes analytical, baby, basis weight, carat, compact portable, gold, GSM, jewelry, pharmacy, precision, spring, weighing, moisture, electronic and laboratory balances, animal weighing, approved, hand pallet truck, hanging, health, HGV, benchtop, bench counting, parcel, part counting, portioning, platform, dual display, checkweighing, controlling, container, crane, livestock, system, shipping, table top, trade approved, washdown, floor and lifter scales, measuring instruments and laboratory equipment.",,,Under $1 Mil,1-9  Employees,"Gas Detectors: Digital
Automotive Sensors
Detectors
Detectors: Carbon Monoxide
Detectors: Flaw


Detectors: Gas
Detectors: Hydrogen Sulfide
Detectors: Leak
Detectors: Radiation
Detectors: Refrigerant Leak

View all Sensors / Detectors / Transducers categories","All Products / Services

Flowmeters
Borescopes
Measuring Equipment
Cold Chain Equipment
Data Loggers
Meters
Vaccine Cold Chain Supplies and Logistics
Analyzers
Cameras
Instruments


Photometers
Scales
Accelerometers
Gages
Magnetometers
Alarms
Anemometers
Balances
Beams
Calibration Services

View all products / services offered"
MSA Safety,855-229-7402,https://us.msasafety.com/,"Cranberry Township, PA 16066",Manufacturer,"Manufacturer of fixed gas and flame detection products. Various products include general gas or combustible monitors, open path gas, flame and leak detectors and controllers. Gateways and routers are also available. Serves the building, HVAC, oil, gas and utility industries.","For over 100 years, MSA has built a legacy of safety product innovation and reliability by protecting generations of lives in dangerous workplaces. We've been the world's leading manufacturer of high-quality safety products providing sophisticated devices and protective gear - the result of countless R&D hours, relentless testing, and an unwavering commitment to quality that saves lives and protects thousands of men and women each day.

Among our core product focuses are fixed gas and flame detectors / systems, IIoT gateways & routers, and PPE. Our full line of monitors and controllers continually evolve bringing you the latest, most advanced technology available to detect potential dangers and hazardous situations.",,$250 Mil. and over,1000+  Employees,"Gas Detectors: Digital
Detectors: Gas
Sensors: Gas
Detectors: Combustible Gas
Detectors: Flame


Detectors: Flame, UV/IR
Detectors: Toxic Gas
Gas Detection Systems
Gas Detectors: Fixed System
Detectors

View all Sensors / Detectors / Transducers categories","All Products / Services

Sensors / Detectors / Transducers
Monitors
Alarms
Gateways
Controls and Controllers


Displays
Monitoring Systems
Routers
Samplers"
"Eagle Microsystems, Inc.",610-323-2250,https://www.eaglemicrosystems.com/,"Pottstown, PA 19464",Manufacturer,"Designer, engineer and manufacturer of mechanical and electronic scales, weighing systems, volumetric feeders and analytical instruments for water treatment and industrial environments. Also providing a versatile series of displays for standalone or computer interfaced operation. Products and systems are modified and configured to meet specified requirements. Products and services include: weigh products and systems for cylinders, ton containers, carboys, drums and tanks, specializing in corrosion-proof weigh bases and microprocessor-based electronics. Weigh products and feeder systems for industrial weighing, filling and batching applications. Design, development and manufacturing of microprocessor-based instrumentation utilized in a variety of environmental and industrial products.","Eagle Microsystems has been an active industrial weighing specialist for nearly half a century.

Founded as manufacturers representatives, the company has grown into a full service developer of high-quality mechanical and electronic scales. We design, engineer and manufacture all of our products to rigid quality standards for a broad range of applications. Currently, Eagle Microsystems products and services include:

- Manufacturing of weigh products and systems for cylinders, ton containers, carboys, drums and tanks, specializing in corrosion-proof weigh bases and microprocessor-based electronics.

- Manufacturer of weigh products and systems for industrial weighing, filling and batching applications.

- Design, development and manufacturing of microprocessor-based instrumentation utilized in a variety of environmental and industrial products.

Engineering:

Since the 1960's, engineering weighing systems, devices and supporting electronics for the industrial, chemical and water industries has More... been our focus. Keeping pace with industry changes, manufacturing methods and new environments has made us a leader for both turnkey systems and custom solutions that tap our broad experience.

 Product development:

 When developing new products, we work closely with our customers to make sure each enhancement is based on real-world needs. That might mean improved interfacing or actual product design changes to improve versatility.

 Custom design and consulting:

 We are often called upon to assist manufacturers, raw materials providers and end users to design custom system/solutions for special environments, materials or other situations where an off-the-shelf design is not sufficient. Less",,Not Available,1-9  Employees,"Gas Detectors: Digital
Detectors
Detectors: Electrochemical
Detectors: Electronic
Detectors: Gas


Detectors: Leak
Detectors: Ozone
Detectors: Sulfur Dioxide
Industrial Leak Detectors
Sensors

View all Sensors / Detectors / Transducers categories","All Products / Services

Scales
Feeders and Feed Systems
Analyzers
Controls and Controllers
Indicators
Monitors
Transmitters
Cells
Containment Systems
Converters


Dispensers
Disposal Equipment
Engineering Services
Frames
Instruments
LEDs
Measuring Equipment
Plant Equipment
Platforms
Process Machinery

View all products / services offered"
DOD Technologies,888-897-6044,https://dodtec.com/,"Cary, IL 60013",Manufacturer,"Manufacturer of gas detection systems and solutions. Products include badges, tubes, consumables, controllers, HMI's and OEM sensors. Cassettes, kits, software, tapes, test strips and transmitters are also available. Semiconductor, solar, chemical, wastewater, engineered wood and emergency services industries served.","DOD Technologies is a leading global supplier of integrated gas detection systems and solutions. Our innovative products, services and systems protect, support and save lives. Semiconductor, Solar, Specialty Chemical, Polyurethane foam, Wastewater, Engineered wood and emergency services industries have trusted in DOD Technologies since our inception. With over 100 years of combined instrumentation and application knowledge, DOD Technologies is prepared to offer solutions for your toughest gas monitoring requirements.",www.linkedin.com/company/dod-technologies-inc.,$10 - 24.9 Mil,10-49  Employees,"Gas Detectors: Digital
Detectors: Gas
Detectors: Leak
Detectors: Combustible Gas
Detectors: Toxic Gas


Gas Detectors: Methane
Gas Leak Detection Equipment
Helium Leak Detectors
Oxygen Sensors: High Temperature
Sensors: Electrochemical

View all Sensors / Detectors / Transducers categories","All Products / Services

Sensors / Detectors / Transducers
Analyzers
Spectrometers
Alarms
Badges
Cassettes
Cylinders
Instruments
Measuring Equipment


Monitoring Systems
Monitors
Rental and Leasing Services
Safety Equipment
Samplers
Strips
Tapes
Transmitters
Tubes"
Colonial Teltek,610-312-8100,https://www.colonialteltek.com/,"King of Prussia, PA 19406",Distributor,"Distributor of underground communication and aerial hardware, bridge support, and cabling products. Offers conduits, fiber optic cables, racks, cable lashers, and cleaners. Serves the outside plant, telecommunication, and utility industries.","Customers of Colonial Teltek have access to quality telecommunication, utility and outside plant products, and the highest level of service in the outside plant and fiber optic market. They also reap the benefits of one of the largest independent, family-owned and operated electrical distributors in the area.

Over $20 million in inventory, along with customer-focused programs including 24-hour service, online account management, real time inventory status, and extensive training programs mean our focus on the client is top priority, and second-to-none.

Along with this passion for perfect service, it is our products that truly stand apart. Underground conduits and fittings, couplings, handholes, and accessories, fiber optic equipment, aerial hardware and tools, bridge support equipment, and both underground and overhead markers are all engineered to the highest standards.",www.linkedin.com/company/3239508?trk=tyah,$10 - 24.9 Mil,200-499  Employees,"Gas Detectors: Digital
Detectors
Detectors: Combustible Gas
Detectors: Gas
Detectors: Leak


Detectors: Propane
Gas Detectors: Methane
Industrial Leak Detectors
Leak Detectors: HVAC
Sensors

View all Sensors / Detectors / Transducers categories","All Products / Services

Pipes
Conduits and Ducts
Adapters
Bushings
Caps
Connectors
Couplers and Couplings
Elbows
Enclosures
Fiber Optic Cable and Cable Assemblies


Fittings
Hardware
Plugs and Stoppers
Telecommunications Equipment
Wyes
Additives
Adhesives
Anchors
Aprons
Attachments

View all products / services offered"
Broner Glove & Safety Company,855-278-8109,https://shop.bronersafety.com/,"Auburn Hills, MI 48326",Distributor,"Distributor of personal protective equipment, safety products and plant safety/identification products. Safety products such as hats, gloves, sleeves, earmuffs, earplugs, face shields, headgear, welding goggles, safety glasses, side shields, hard hats, boots, aprons, protective clothing, back and knee supports, respirators, harnesses and lanyards are available. Plant safety products include first aid kits, beverages, matting, emergency showers, eye/face wash equipment, flashlights, flares, mirrors, knives, welding curtains, blankets, safety cans, cabinets, sorbents and wipers. Plant identification products such as signs, tapes, cones, wheel chocks and protective shields are available. Capabilities include inventory management, stock level-turn measurements, transaction analysis, noise level/fit testing and reporting. Training and warehousing services available. Customized signs and labels are also available. Safety products are OSHA compliant.","Since 1933, commitment to customers has been our driving force. Back then we provided work gloves to the employees of our country's first automotive plant to help keep them safe, and now we're fully committed to making a difference in safety for our customers in many proven ways! The Broner team is continuously trained over 40 hours each year to understand work place hazards and solutions, regulations, products and applications. Also, we're ready to help serve you with specific plant surveys, safety training, inventory management, and business process savings which include e-commerce capability, EDI, vending, transactional processes, and more!

We're proud to be a member of SafetyNetwork.me, a network of safety distributors and manufacturers working together to serve the needs of the local and national marketplace by sharing best practices, exclusive educational courses and a true commitment to safety.

Finally, our continuous certification of meeting ISO 9001:2008 standards since 1999 means More... we take the voice of our customers seriously in order to exceed satisfaction and service expectations. From same day service to RF fulfillment centers, from real time order tracking to a smile and thank you for each opportunity, Broner is committed to making a difference in your safety program to assist you in bringing your workers home safely every day! Less",www.linkedin.com/company/broner-incorporated,$10 - 24.9 Mil,10-49  Employees,"Gas Detectors: Digital
Detectors: Gas


Detectors: Toxic Gas
Sensors / Detectors / Transducers: Honeywell","All Products / Services

COVID-19 Response
Gloves
Medical Personal Protective Equipment (PPE)
Protectors
Safety Equipment
Absorbers
Adapters
Air Filtration Equipment & Supplies
Alarms
Analgesics
Analyzers
Anchors
Antacids


Antiseptics
Applicators
Aprons
Aspirin
Bandages
Bandanas
Bands
Banners
Barrels and Drums
Barricades
Barriers
Bases
Baths

View all products / services offered"
Jorgensen Co.,888-629-7782,https://www.jorgensenco.com/,"Fresno, CA 93706 | Locations",Distributor,"Distributor of safety products for personal, plant, hazardous material, and fire protection applications. Personal protection products include aprons, vests, disposables (hairnets, coveralls, beard-guards, hoods), boots, rainwear, sleeves, eye protection (glasses, goggles, face-shields, cleaning accessories), gloves (general purpose, chemical, disposable, knit, leather, specialty), head protection, hearing protection, and respirators. Plant safety products include fall protection equipment, lockout tag-outs, traffic control cones, hand care, eye wash products, first aid, heat stress prevention products, sorbent pads, warning products, tapes, and more. Signage products include standard and custom signs, labels, tags, safety scoreboards, pipe markers, ID tags, lean workplace organization products, security devices, confined space barriers and permits, hazmat signage, shipping labels, traffic control products, barriers/barricades, and more. Other products include spill containment equipment and gas detection devices. Fire safety services include installation, repair, maintenance, inspection, and testing services.","The company continues to explore opportunities for expansion into new markets in Northern and Southern California, as well as beyond via the Internet. We are also actively promoting a service concept the company is uniquely suited for: integrated fire protection. With this program, large single- or multi-location companies can have all of their fire protection needs handled by one vendor, for one set price, and invoiced on a regular schedule. And as we have since the beginning, Jorgensen Company will continue to aggressively seek out and develop new products and services for the benefit of our customers. It's our mission.",www.linkedin.com/company/jorgensencompany/,$10 - 24.9 Mil,50-99  Employees,"Gas Detectors: Digital
Detectors: Gas
Detectors: Ammonia
Detectors: Carbon Monoxide
Detectors: Combustible Gas


Detectors: Hydrogen Cyanide
Detectors: Hydrogen Sulfide
Detectors: Oxygen Deficiency
Detectors: Smoke
Detectors: Sulfur Dioxide

View all Sensors / Detectors / Transducers categories","All Products / Services

Safety Equipment
Extinguishers
Fire Fighting Equipment
Protectors
Sensors / Detectors / Transducers
Clothing
COVID-19 Response
Medical Personal Protective Equipment (PPE)
Absorbers
Adapters


Adhesives
Air Filtration Equipment & Supplies
Alarms
Anchors
Aprons
Axes
Bags
Bandages
Baths
Belts

View all products / services offered"
"RJM Sales, Inc.",877-890-7774,https://www.rjmsales.com/,"Somerset, NJ 08873",Manufacturers' Rep,"Mfr's Rep. of industrial instrumentation and controls, filtration, gas generation, and laboratory instrumentation products. Serves a wide range of industries including food, pharmaceutical, oil and gas, chemical, power generation, cement, water/wastewater, and the test and measurement industries.","Founded in 1970, RJM Sales is an employee owned manufacturer's representative and distribution company of industrial instrumentation and controls, filtration, gas generation, and laboratory instrumentation products. We serve a breadth of industries including food, pharmaceuticals, oil and gas, chemical, power generation, cement, water/wastewater, and the test and measurement markets. Our Technical Salespeople include degreed engineers to offer the best solutions for your applications and our inside sales team has over 50 years of experience serving our customers.

RJM Sales has expanded over the years and now offers coverage throughout the Mid-Atlantic states, New England, and Carolinas.",www.linkedin.com/company/rjm-sales-inc,$10 - 24.9 Mil,10-49  Employees,"Gas Detectors: Digital
Detectors
Detectors: Gas
Detectors: Infrared
Detectors: Leak


Gas Leak Detection Equipment
Sensors
Sensors: Acoustic
Sensors: Digital
Sensors: Flow

View all Sensors / Detectors / Transducers categories","All Products / Services

Air Filtration Equipment & Supplies
Air Quality Systems
Alarms
Aligners
Amplifiers
Analyzers
Blankets
Boosters
Boxes
Buffers


Cameras
Cells
Chemicals
Cold Chain Equipment
Conditioners
Controls and Controllers
COVID-19 Response
Data Loggers
Displays
Dryers

View all products / services offered"
Fastenal,877-507-7555,https://www.fastenal.com/home,"Winona, MN 55987 | Locations",Distributor,"Distributor of industrial supplies, with specialties in threaded fasteners and accessories. Nuts, bolts, screws, sockets, washers, anchors, pins, and studs offered in product line. Other products include power tools/equipment, cutting tools, hydraulic, and pneumatic equipment. Other products serve industries such as plumbing, electric, manufacturing, welding, and engineering. Customization of products are available. CAD layout design, mechanical testing, gag calibration, and tool repair also in offered services.",,www.linkedin.com/company/10564,$250 Mil. and over,1000+  Employees,"Gas Detectors: Digital
Detectors
Detectors: Carbon Dioxide
Detectors: Carbon Monoxide
Detectors: Counterfeit Bill


Detectors: Gas
Detectors: Hydrogen Sulfide
Sensors
Sensors / Detectors / Transducers: 3M
Sensors: Gas

View all Sensors / Detectors / Transducers categories","All Products / Services

Abrasive Compounds / Media
Absorbers
Acetal
Adapters
Additives
Adhesives
Aerosols
Agents
Air Filtration Equipment & Supplies
Alarms


Aluminum
Anchors
Angles
Applicators
Aprons
Arbors
Arms
Arresters
Attachments
Backpacks

View all products / services offered"
"Oxigraf, Inc.",650-237-0155,https://www.oxigraf.com/,"Sunnyvale, CA 94089-1007",Manufacturer,"Manufacturer of laser diode oxygen analyzers, oxygen sensors, monitors and controllers, calibration kits, and gas mixers. Features vary depending upon model and include LED displays, touch panel controls, built-in electronic filtering, single-stage constant flow regulators, and internal pressure switches. Suitable for medical patient contact and oxygen transfilling, laboratory research, combustion control, food packaging, and process control applications. Serves the aerospace, pulp and paper, biotechnology, laboratory research, and chemical processing industries. Provides oxygen analyzer and sensor software products.","Oxigraf is a leading manufacturer of laser gas sensors. The Oxigraf laser diode oxygen analyzer offers advantages over older technologies such as electrochemical and paramagnetic analysis.

Oxigrafs unique technology controls laser diodes to lock on gas absorption lines and reduces laser, electronic, and feedback noise. Our other experience relates to design, assembly, burn-in, and test of chip and surface mount laser diode, optical, and gas cell assemblies. Seven key patents covering the laser gas sensor technology are licensed to Oxigraf. 

The Oxigraf team includes about ten employees and two consultants with expertise in optomechanical and electronic engineering, quality systems, and manufacturing. The team is led by Bruce W. McCaul, Ph.D., who has sixteen years of prior experience as CEO in two companies manufacturing laser spectroscopy systems, medical lasers, and medical fiberscopic illumination components. Oxigraf occupies a 4000 square foot facility including equipment to assemble More... and test diode lasers and oxygen sensors at the rate of 500 per month. Less",,$1 - 4.9 Mil,10-49  Employees,"Gas Detectors: Digital
Detectors
Detectors: Carbon Dioxide
Detectors: Gas
Detectors: Laser


Detectors: Oxygen Deficiency
Detectors: Oxygen Enrichment
Medical Transducers
Oxygen Sensors: High Temperature
Oxygen Sensors: Low Temperature

View all Sensors / Detectors / Transducers categories","All Products / Services

Analyzers
Anesthesia Equipment
Boards
Controls and Controllers
COVID-19 Response
Indicators
Instruments
Medical Equipment
Medical Products and Hospital Equipment


Meters
Mixers
Monitors
Oxygen Systems
Personal Care Products
Regulators
Sensors / Detectors / Transducers
Testers"
"Klein Tools, Inc.",800-553-4676,https://www.kleintools.com/,"Lincolnshire, IL 60069",Manufacturer,"Manufacturer of hand tools and occupational protective equipment. Types of tools include pliers, drivers, bolt and cable cutters, hammers, chisels, punches, knives, saws, blades, wire strippers and crimpers, wire pulling grips and wrenches. Personal protection and safety products, such as eyewear, gloves, hand cleaners, caps, hats, face shields, knee pads, shoe covers, barricade and warning tapes and lockouts, are also offered. Other available products include block and tackle products, connecting devices, fish tapes, jobsite accessories, lights, lineman's bucket and climbing equipment and tool pouches, bags, boxes, carriers, holders, belts and suspenders. Serves the construction, electronics, mining, electrical and telecommunications markets. Products meet OSHA, ASTM and CSA® standards. Made in the USA.","Klein Tools has put over 160 years of expertise into manufacturing high-quality, professional-grade hand tools that stand up to the demands of the tradespeople who use them every day. Now, Klein Tools manufactures more than 3,000 different products annually, with every single tool helping to turn a job that needs doing into a job well done.

Klein Tools has remained dedicated to professional tradespeople worldwide for six generations, with a commitment to manufacturing the world's finest hand tools right here in America. Klein Tools has expanded into numerous different product categories, including but not limited to; multi-fastening hand tools, test and measure equipment, sheet metal tools, illumination products, and safety products. Klein Tools continues to innovate our core tool offering while providing innovative new tools that allow technicians to be more efficient while on the job.

We don't just make great products; we make great products that stand up to the demands of the professionals More... who use them every day. Because our standards are as high as yours, we demand that every one of our hand tools delivers all the performance, durability and precision that you need to get the job done right. Less",www.linkedin.com/company/klein-tools/,$250 Mil. and over,1000+  Employees,"Gas Detectors: Digital
Detectors
Detectors: Carbon Monoxide


Detectors: Combustible Gas
Detectors: Gas
Detectors: Leak","All Products / Services

Adapters
Ammeters
Anchors
Aprons
Arbors
Awls
Backpacks
Bags
Belts
Benders
Bits
Blades


Blocks
Borescopes
Buckets
Cameras
Caps
Cases
Chisels
Cleaning Compounds and Chemicals
Climbers
Compounds
Connectors
Coolers

View all products / services offered"
"Metro Industrial Supply, Inc.",973-546-5660,http://www.metroindustrialsupply.com,"Garfield, NJ 07026-1238",Distributor,"Distributor of power transmission equipment, factory & mill supply, original European replacements parts, portable gas detection systems, proximity & photoelectric sensors.",,,$1 - 4.9 Mil,10-49  Employees,"Gas Detectors: Digital
Detectors: Gas
Detectors: Toxic Gas
Gas Leak Detection Equipment
Sensors / Detectors / Transducers: Balluff


Sensors / Detectors / Transducers: IDEC
Sensors / Detectors / Transducers: Square D
Sensors / Detectors / Transducers: Turck
Sensors: Photoelectric
Sensors: Proximity

View all Sensors / Detectors / Transducers categories","All Products / Services

Abrasive Compounds / Media
Adapters
Bearings
Belts
Bits
Brakes
Bushings
Cams
Casters
Cleaning Compounds and Chemicals


Clutches
Controls and Controllers
Couplers and Couplings
COVID-19 Response
Cylinders
Drives
Elbows
Ends
Fiber Optic Cable and Cable Assemblies
Filters

View all products / services offered"
Siargo Ltd.,408-969-0368,https://www.siargo.com/,"Santa Clara, CA 95054",Manufacturer,"Manufacturer of standard and custom gas flow sensors, microfluidic sensors and gas flow meters. Various products include general purpose, battery powered, HVAC, in-line, digital, liquid, mass, low flow, mass and OEM flowmeters, differential or dual pressure and mass flow sensors. Used in commercial, medical and industrial sectors. Suitable for semiconductor equipment, HVAC, 3D printing, gas mixer, leak detection, oxygen metering, pharmaceutical process control, microfluidic metering and natural gas applications. CE certified.",,,$10 - 24.9 Mil,50-99  Employees,"Gas Detectors: Digital
Detectors
Detectors: Gas
HVAC Probes & Sensors
Leak Detectors: HVAC


Piezo Film Sensors
Sensors
Sensors: Air Data
Sensors: Air Flow
Sensors: Air Flow, Mass

View all Sensors / Detectors / Transducers categories","All Products / Services

Flowmeters
Measuring Equipment


Monitors
Sensors / Detectors / Transducers"
ENMET,800-959-0651,https://www.enmet.com/,"Ann Arbor, MI 48108",Manufacturer,"ISO 9001:2008 and AS9100C certified. Offers a range of hazardous gas and vapor detection products for health, safety and medical applications ranging from compressed air line monitors to portable detectors and continuous multi-channel fixed systems. Analyzers supplied for measuring CO2, dew point, oxygen, ppm and LEL hydrocarbons, and many toxic gases including formaldehyde, HF, HCl, O3, Cl2, SO2, NH3, and ClO2. Products include sensors/transmitters, gas samplers, ambient air single point hazardous gas monitors, medical/aerospace/specialty monitors, multi-gas portable detectors, single gas personal detectors and respiratory compressed air products. Design custom engineered systems for clients with unique requirements. Applications include monitoring the contents of pipelines, ducts, process lines, storage tank head spaces, engine test cells, environmental chambers, refrigerants, chlorinated solvents, hydrocarbons, inorganic toxic gases and ozone. Instrumentation repair and calibration services are available.","ENMET is proudly celebrating over 50 years of creative gas detection solutions. We offers a variety of gas detection systems for environmental, health, safety and process applications in municipal, industrial, assorted commercial, research, medical, military and other markets. Products range from compressed air line monitors to portable detectors and continuous multi-channel fixed systems for a wide variety of hazardous gas conditions. Hundreds of gases can be monitored utilizing a number of selected sensor technologies. Instruments include oxygen monitors, detectors for combustible gases, breathing air monitors for detecting carbon monoxide, and systems for detection of an array of toxic gases. In addition to the wide range of equipment offered, we also provide expert technical assistance, including problem assessment and product selection, as well as advice on system installation & training.

ENMET can design custom engineered gas and vapor detection systems for clients who need to monitor More... the contents of pipelines, ducts, process lines, storage tank headspaces, engine test cells, environmental chambers, vehicle maintenance areas and similar applications. Using diverse sensor technologies such as infrared, photoionization, catalytic combustion, metal oxide semiconductor (MOS), and electrochemical, it is possible to design systems for monitoring dew point, combustible gases, oxygen, CO2, VOCs, refrigerants, chlorinated solvents, hydrocarbons, & inorganic toxic gases such as CO, H2S, Cl2, NH3, NO, NO2, SO2, HCl, HF, ozone, etc.

 Examples of our popular specialty gas detection systems: ProAir 2200 Process Compressed Air Line Monitor, GSM-60 Gas Sampling Monitor w/Internal Pump with Sensors, Wet Well Monitor for Methane, Oxygen & Hydrogen Sulfide, Matrix Medical Gas Verifier Instrument, ISA-60M Oxygen Monitor for MRI Rooms, Formaldemeter htV-m Portable Formaldehyde Monitor, and Jet Fuel Sensing Systems 

 We welcome OEM inquiries & requests for special designs.

 With offices and manufacturing facility in Ann Arbor, Michigan, USA, ENMET has representatives, service centers and distributors throughout the United States & Canada, as well as, sales & technical support in Mexico, Colombia, Brazil, South Africa, the UAE, India, China, Singapore, Hong Kong, Thailand, Taiwan, Korea, Indonesia, Malaysia, New Zealand, Australia, & elsewhere. Less",www.linkedin.com/company/enmet-corporation,$1 - 4.9 Mil,10-49  Employees,"Gas Detectors: Digital
Detectors
Detectors: Ammonia
Detectors: Carbon Dioxide
Detectors: Carbon Monoxide


Detectors: Combustible Gas
Detectors: Electrochemical
Detectors: Electronic
Detectors: Explosives
Detectors: Gas

View all Sensors / Detectors / Transducers categories","All Products / Services

Abatement Services
Air Filtration Equipment & Supplies
Alarms
Analyzers
Breathers
Calibration Services
Calibrators
Controls and Controllers
COVID-19 Response
Filters


Fire Fighters' Personal Protective Equipment (PPE)
Hurricane Personal Protective Equipment
Hurricane Response
Indicators
Instruments
Intrinsically Safe Products
Masks
Measuring Equipment
Medical Personal Protective Equipment (PPE)
Medical Products and Hospital Equipment

View all products / services offered"
"Paul N. Gardner Co., Inc.",800-762-2478,https://www.gardco.com/,"Pompano Beach, FL 33060",Manufacturer,"Manufacturer and distributor of physical testing instruments for various industries including automotive, aerospace, petroleum, specialty chemical, food, plastics, pharmaceuticals, cosmetics, NDT, textiles, corrosion and protective coatings, and construction markets. Products include abrasion, adhesion, color and gloss, film thickness, impact and flexibility, and optical testers with various features and specifications. Meets ASTM standards.","The Paul N. Gardner Company has been providing quality physical testing instruments to the coatings and related industries since 1936. The company's website offers thousands of testing instruments along with prices, instructions and specifications. Our experienced sales team provides excellent customer service while assisting customers in finding instruments and supplies suitable for their specific needs. We greatly appreciate the business our customers bring and look forward to doing business with you in the future.",www.linkedin.com/company/paul-n-gardner-company-inc-?trk=top_nav_home,$1 - 4.9 Mil,10-49  Employees,"Gas Detectors: Digital
Detectors
Detectors: Electronic
Detectors: Flaw
Detectors: Gas


Detectors: Holiday
Detectors: Moisture
Detectors: Pinhole
Dew Point Equipment
Gas Detectors: Fixed System","All Products / Services

Ammeters
Analyzers
Applicators
Attachments
Automation Systems
Automotive Parts
Balances
Barometers
Baths
Beakers


Blades
Blenders
Books
Borescopes
Boxes
Brushes
Calculators
Calibrators
Calipers
Cases

View all products / services offered"
MSA The Safety Company,800-672-2222,https://us.msasafety.com/,"Cranberry Township, PA 16066 | Locations",Manufacturer,"Manufacturer of safety products. Available products include gas and flame detectors, respirators, thermal imaging cameras, and personal protective equipment such as harnesses, safety glasses, masks, helmets, and earmuffs. Serves the fire service, construction, law enforcement, healthcare, military, mining, oil and gas, utilities, and petrochemicals industries.","For 100 years, MSA has built a legacy of safety product innovation and reliability by protecting generations of lives in dangerous workplaces. We've been the world's leading manufacturer of high-quality safety products providing sophisticated devices and protective gear - the result of countless R&D hours, relentless testing, and an unwavering commitment to quality that saves lives and protects thousands of men and women each day.

Our core product focus emphasizes portable gas detection, respiratory protective equipment, head, eye, face and hearing protection, fall protection, and fixed gas and flame detection. Our full line of monitors and controllers continually evolve bringing you the latest, most advanced technology available to detect potential dangers and hazardous situations.",www.linkedin.com/company/msa-the-safety-company,$250 Mil. and over,1000+  Employees,"Gas Detectors: Digital
Detectors
Detectors: Ammonia
Detectors: Anthrax
Detectors: Carbon Dioxide


Detectors: Carbon Monoxide
Detectors: Combustible Gas
Detectors: Electrochemical
Detectors: Flame
Detectors: Flame, IR

View all Sensors / Detectors / Transducers categories","All Products / Services

Air Filtration Equipment & Supplies
Anchors
Belts
Brackets
Breathers
Cameras
Caps
Communication Systems
Controls and Controllers
COVID-19 Response


Earmuffs
Eyeglasses
Filters
Fire Fighters' Personal Protective Equipment (PPE)
Fire Fighting Electronics
Fire Fighting Equipment
Fire Protection Products
Fluid Conditioning Equipment
Goggles
Grabs

View all products / services offered"
Safety Scan USA,855-277-7675,https://www.safetyscanusa.com/,"Tempe, AZ 85282",Manufacturer,"Manufacturer and distributor of gas detection systems and related products. Selection includes residential methane detectors, laser portable methane detectors, lone worker monitoring devices and intelligent handheld gas detectors.",,,Not Available,Not Available  Employees,"Gas Detectors: Digital
Detectors: Gas
Detectors: Gas, Wireless
Detectors: Toxic Gas


Gas Detection Systems
Gas Detectors: Fixed System
Gas Detectors: Methane
Gas Leak Detection Equipment","All Products / Services

Alarms
Instruments
Intrinsically Safe Products
Monitoring Systems


Monitors
Safety Equipment
Sensors / Detectors / Transducers"
"Nyad, Inc.",925-270-3971,https://nyad.com/,"Concord, CA 94520",Manufacturer,"Manufacturer of analyzers for monitoring & detecting air & gas. Types of analyzers include moisture, percent oxygen, carbon dioxide, hydrocarbon & carbon monoxide analyzers. Transmitters, flowcells, moisture probes, batteries, cables, carrying cases & sensors are also available. Capabilities include instrument recalibration, repair & evaluation. Applications include pharmaceutical, petroleum, aerospace, cleanroom, military & water treatment. Five year warranty.",,,Under $1 Mil,1-9  Employees,"Gas Detectors: Digital
Detectors
Detectors: Carbon Dioxide
Detectors: Carbon Monoxide
Detectors: Combustible Gas


Detectors: Gas
Detectors: Oxygen Deficiency
Detectors: Oxygen Enrichment
Detectors: Toxic Gas
Gas Detectors: Methane

View all Sensors / Detectors / Transducers categories","All Products / Services

Alarms
Analyzers
Batteries
Cases
Chambers
Fire Fighting Electronics
Flowmeters
Hoods
Hygrometers


Maintenance and Repair Services
Meters
Monitors
Probes
Sensors / Detectors / Transducers
Testers
Transmitters
Wildfire Response"
"Environmental Safety Products, Inc.",800-216-1839,https://www.buyfromesp.com/storefront/Home,"Michigan City, IN 46360",Distributor,"Distributor of safety, electrical, industrial, welding, and cleaning supplies and equipment. Products include, but are not limited to, harnesses, visors, safety goggles, cable wires, bulbs, hand tools, pumps, valves, lubricants, detergents, and fasteners.",,,$1 - 4.9 Mil,1-9  Employees,"Gas Detectors: Digital
Detectors
Detectors: Carbon Monoxide
Detectors: Electrochemical
Detectors: Gas


Detectors: Hydrogen Sulfide
Detectors: Leak
Detectors: Photoelectric
Detectors: Pipe
Detectors: Smoke

View all Sensors / Detectors / Transducers categories","All Products / Services

Abrasive Compounds / Media
Adapters
Additive Manufacturing Materials
Adhesives
Air Handlers
Alarms
Aluminum
Ammeters
Anchors
Antiseptics


Aprons
Arms
Assemblies
Augers
Axes
Bags
Balancers
Bandages
Bandanas
Bands

View all products / services offered"
"Hal Technology, LLC",855-GET-HALTECH,https://www.haltechnologies.com/,"Fontana, CA 92336",Manufacturer,"Manufacturer of environmental monitoring instruments. Products include air and liquid particle counter, gas meters/monitors and pocket multi-channel signal analyzers. Handheld portable hybrid, laser, three and six channel particle counters; indoor/outdoor air quality systems; remote monitoring sensors; handheld volatile organic compound (VOC), carbon dioxide, carbon monoxide and formaldehyde meters and monitors; and detectors are available. Capabilities include designing, engineering, calibration, repair, training and consultation. CE certified. Made in the USA.",A U.S. based manufacturer for environmental sensors and monitoring instruments.,,Under $1 Mil,1-9  Employees,"Gas Detectors: Digital
Detectors
Detectors: Carbon Monoxide
Detectors: Combustible Gas
Detectors: Gas


Detectors: Infrared
Detectors: Volatile Organic Compound (VOC) Emission
Gas Detection Systems
Sensors
Sensors: Electrochemical

View all Sensors / Detectors / Transducers categories","All Products / Services

Air Quality Systems
Analyzers
Counters
Electronics
Environmental Equipment
Environmental Systems
Flowmeters


Instruments
Measuring Equipment
Meters
Monitoring Systems
Monitors
Sensors / Detectors / Transducers
Testers"
Industrial Scientific Corp.,800-338-3287,https://www.indsci.com/?utm_campaign=2020.thomasnet.amer&utm_source=thomasnet.com&utm_medium=directory,"Pittsburgh, PA 15205 | Locations",Manufacturer,"Manufacturer of portable gas monitors or gas detectors that detect and monitor concentrations of combustible and toxic gases, VOC's, methane gas and oxygen levels. Portable gas detection instruments available in single or multiple gas configurations for a wide variety of hazardous gases. Markets include oil refineries, oil exploration, drilling operations including off shore rigs, underground mining and tunneling; utilities including telephone, electric, natural gas, water and waste water treatment facilities; municipal agencies such as police, fire and hazardous response units; government regulatory agencies such as EPA, OSHA and MSHA insurance companies and food and beverage processing companies. Also offers connected safety solutions, gas detection equipment rental services and face-to-face, online and webinar training services.",,www.linkedin.com/company/industrial-scientific,$50 - 99.9 Mil,500-999  Employees,"Gas Detectors: Digital
Above-Ground Tank Leak Detectors & Monitors
Detectors
Detectors: Ammonia
Detectors: Carbon Dioxide


Detectors: Carbon Monoxide
Detectors: Combustible Gas
Detectors: Diesel Fume
Detectors: Electrochemical
Detectors: Electronic

View all Sensors / Detectors / Transducers categories","All Products / Services

Analyzers
Calibration Services
Calibrators
Cameras
Confined Space Equipment
Cylinders
Gages
Gateways
Indicators
Instruments


Maintenance and Repair Services
Measuring Equipment
Monitoring Systems
Monitors
Multimeters
Regulators
Rental and Leasing Services
Sensors / Detectors / Transducers
Stations
Trackers

View all products / services offered"
Environmental Equipment & Supply,877-499-9368,https://www.envisupply.com/,"Harrisburg, PA 17112 | Locations",Distributor,"Distributor of environmental equipment and supplies. Products include safety equipment, quality sampling equipment, sampling supplies, pumps, field monitoring equipment, air quality monitoring instruments, air calibration products, water quality monitoring instruments and water calibration products. Air monitoring products such as PID monitors, single gas detectors, toxic vapor analyzers, multi-gas instruments, radiation detectors, wireless detectors, photo-ionization detectors, portable devices, oxygen monitors, CO2 gas monitors, leak testers, single toxic gas monitors, land surveyor monitors and real-time aerosol monitors are available. Water monitoring products include interface meters, water level meters, groundwater data loggers, multi-parameter water monitors, professional multi-parameter water monitors, ion meters, telemetry systems, oil/water interface meters, ground water level loggers. Equipment and supplies rental and repair services are available. Used equipment also available.","Distributor of environmental equipment and supplies. Products include air monitoring instruments-sales and service, confined space instruments and equipment-sales and service, disposable nitrile, latex and vinyl gloves, water quality monitoring instruments and water calibration products- sales and service, Grundfos environmental pumps-sales and service and more. Air monitoring products such as single gas detectors, toxic vapor analyzers, multi-gas instruments, radiation detectors, wireless gas detectors, photo-ionization detectors, portable devices, oxygen monitors, CO2 gas monitors, leak testers, single toxic gas monitors, land surveyor monitors and real-time aerosol monitors are available. Water monitoring products include interface meters, water level meters, groundwater data loggers, multi-parameter water monitors, professional multi-parameter water monitors, telemetry systems, oil/water interface meters, ground water level loggers. Equipment may also be rented and we offer lease to More... own programs. Used equipment is also available. Less",,$1 - 4.9 Mil,10-49  Employees,"Gas Detectors: Digital
Above-Ground Tank Leak Detectors & Monitors
Detectors
Detectors: Ammonia
Detectors: Carbon Dioxide


Detectors: Carbon Monoxide
Detectors: Combustible Gas
Detectors: Dust
Detectors: Electrochemical
Detectors: Electronic

View all Sensors / Detectors / Transducers categories","All Products / Services

Actuators
Adapters
Aggregates
Analyzers
Anchors
Anemometers
Antennas
Aprons
Arbors
Arresters


Assistants
Augers
Bags
Bailers
Balances
Bandanas
Barrels and Drums
Barricades
Bibs
Bits

View all products / services offered"
"John R. Robinson, Inc.",800-726-1026,https://robinsontubetools.com/,"Long Island City, NY 11101",Manufacturer,"Manufacturer of condenser & heat exchanger tools. Combination air & water tube cleaning gun, brushes, balls, pigs. JR3800 tube cleaner flexible shaft type, cutting tools, brushes. Leak detectors foam method for condensers, safe & biodegradable. Vacuum type for heat exchangers. Tube plugs: tapered, two piece, expandable rubber, brass, steel, fiber stainless steel, Monel®, titanium, phenolic & MIL plugs, tube inserts, brass, nylon, stainless steel. Gasket cutting machine. Tube cutters, expanders, guides, facers, drifts, collapsing tools & tube pullers.","Pride and quality for 90 Years: Manufacturer of quality condenser and heat exchanger tools since 1907. Our tools and services offer reliability and guaranteed quality worldwide.

In Stock  Ship Today:

Tuve Plugs:

Available in fibre, brass, aluminum, bronze, steel, phenolic, chrome molly, cupro nickel, stainless steel, titanium, monel. When ordering tube plugs, specify O.D. and gauge of tube. 

John R. Robinson offers inside-style, outside-style, double rubber outside-style, double rubber inside-style expandable tube plugs; tapered tube plugs, quick push plugs, snap plugs, fibre with brass insert plug, rubber expandable plug, boiler tube plugs  steel or cast iron, also tapered fiber plugs, mini rubber expandable plugs and specialty and custom plugs.

Expanders:

 R800 series tube expanders for expanding and sealing tubes in tube sheets. 

 Sizes range from 1/2 in. through 1 1/2 in. O.D. Roll length 1 1/2 in. and 2 1/4 in.

 R900 series tube expanders - condenser and heat exchanger tube expanders. More...  R1200 series tube expanders for expanding and sealing tubes in tube sheets. 

  Sizes range from 1/2 in. through 1 1/2 in. O.D. Roll length 1-1/2 in. and 2-1/4 in. Standard reach 6-3/4 in.

  R1300 series tube expanders- Condenser and heat exchanger tube expanders.

 Specialty Tube Plugs:

 MIL-SPEC tube plugs, fibre and rubber expandable plugs, small brass plugs, copper tube test plug eye-bolt, expandable silicon tube plugs (5/8 in. to 1-3/8 in.), tee handle plugs, wood plugs, fin fan plugs and gaskets -- manufactured to your specifications

 Tube Cleaners:

  Tube cleaning gun: Robinson combination air and water cleaning gun is lightweight and easy to use. One squeeze of the trigger allows water to lubricate tube and brush. A further squeeze of the trigger propels the brush through the tube. Cleans condenser or heat exchanger tubes in seconds. For 3/8 in. to 1 3/8 in. tubes. GC11 gun complete with carrying case.

 Tube Removal Tools and Cutters:

 ROR one-revolution tube cutters, RPTC push-type internal tube cutter, tube wall reducers, RCT collapsing tools, tube-pulling tools tube spears, RHR Ram tube pullers, one-revolution tube cutter bits (sizes range from 1/2 in. through 3 in.), and slide hammers. Less",,$1 - 4.9 Mil,10-49  Employees,"Gas Detectors: Digital
Detectors: Gas
Detectors: Leak
Detectors: Leak, Condenser Tube


Detectors: Leak, Heat Exchanger Tube
Detectors: Pipe
Fluids: Condenser Tube Leak Detection","All Products / Services

Analyzers
Anodes
Balls
Bits
Boiler Parts
Brushes
Cleaning Compounds and Chemicals
Cleaning Equipment
Cleaning Services
Condenser Parts
Condensers (Heat Transfer)


Confined Space Equipment
Couplers and Couplings
COVID-19 Response
Cutters and Cutting Machinery
Drills
Exchangers
Expanders
Extractors
Fabricating Machinery
Facers
Ferrules

View all products / services offered"
Sierra Monitor Corporation,800-727-4377,https://www.sierramonitor.com/,"Milpitas, CA 95035",Manufacturer,"ISO 9001:2000 certified manufacturer of gas & flame detection systems, telecom site management products, protocol gateways & embedded protocol coprocessors. Gas detection systems include plant-wide systems, gas sensor modules, 4-20 mA gas sensors, gas alarm monitors, flame detectors, in-stream analyzers, open path gas detection systems & custom designed systems. Telecom site management products monitor, manage & control HVAC safety & security in remote environmental enclosures. Protocol gateways are for the interoperability required in process control & building automation industries. Markets served include oil & gas, petrochemical, chemical, water & wastewater treatment, building automation, transportation & telecommunications. Some products are FM approved, UL® listed or CE marked.","Sierra Monitor Corporation addresses the industrial and commercial facilities management market with Industrial Internet of Things (IIoT) solutions that connect and protect high-value infrastructure assets.

The companys FieldServer brand of protocol gateways is used by system integrators and OEMs to enable local and remote monitoring and control of assets and facilities. With more than 100,000 products, supporting over 140 protocols, installed in commercial and industrial facilities, FieldServer is the industrys leading multi-protocol gateway.

Sierra Monitors Sentry IT fire and gas detection solutions are used by industrial and commercial facilities managers to protect their personnel and assets. Sentry IT branded controllers, sensor modules, and software are installed at thousands of facilities such as natural gas vehicle fueling and maintenance stations, wastewater treatment plants, oil and gas refineries and pipelines, parking garages, US Navy ships, and underground telephone vaults. More... Headquartered in the heart of Silicon Valley in Milpitas, California, Sierra Monitor was founded in 1979 and has been a public company (SRMC) since 1989. By combining its distinguished track record in industrial sensing and automation with emerging IoT technologies such as cloud connectivity, big data, and analytics, Sierra Monitor is at the forefront of the emerging IIoT trend. Less",www.linkedin.com/company/sierra-monitor-corporation,$10 - 24.9 Mil,50-99  Employees,"Gas Detectors: Digital
Detectors
Detectors: Ammonia
Detectors: Carbon Dioxide
Detectors: Carbon Monoxide


Detectors: Combustible Gas
Detectors: Electronic
Detectors: Explosives
Detectors: Fire
Detectors: Flame

View all Sensors / Detectors / Transducers categories","All Products / Services

Alarms
Analyzers
Automation Systems
Buses
Calibrators
Communication Protocols
Communication Systems
Controls and Controllers
Converters
Delivery Systems


Electronics
Gateways
Hardware
Indicators
Instruments
Interfaces
Measuring Equipment
Monitoring Systems
Monitors
Network Equipment

View all products / services offered"
Empire Safety & Supply,800-995-1341,https://www.empiresafety.com/,"Roseville, CA 95678 | Locations",Distributor,"Distributor of safety equipment. Product lines include fall protection, confined space, hand protection, protective clothing, respiratory protection, hazmat, spill containment & clean-up, chemical storage/transport, emergency medical response & first aid, arc flash protection, emergency shower & eyewash, hearing protection, and head protection. Industries served include construction, government, high tech & manufacturing.","Empire Safety & Supply has over fifty years of experience providing our clients with quality solutions to their Safety, Hazmat, Industrial, and Controlled Environment needs. The Team at Empire Safety & Supply continuously places customer satisfaction as our primary goal.

As a Full-Line Distributor, we represent in excess of 800 Manufacturers to offer our clients the product solutions and information they require. Our Customer Support Team is staffed with fully trained personnel to meet the demands and challenges presented.

With two California locations, our Roseville and Signal Hill offices, and a qualified Inventory Support Team we have the capability to ship thousands of products across the country and around the globe. Just In Time Alliances are established when a continuum of demand is assessed and confirmed with our Key Customers.",,$5 - 9.9 Mil,10-49  Employees,"Gas Detectors: Digital
Detectors: Carbon Monoxide
Detectors: Combustible Gas
Detectors: Gas
Detectors: Hydrogen Sulfide


Detectors: Oxygen Deficiency
Detectors: Toxic Gas
Gas Detectors: Methane
Gas Leak Detection Equipment
Sensors / Detectors / Transducers: Honeywell","All Products / Services

Absorbers
ADA Compliant Products
Adapters
Air Filtration Equipment & Supplies
Anchors
Antiseptics
Applicators
Aprons
Backpacks
Bags


Bailers
Bandages
Bandanas
Bands
Barrels and Drums
Barricades
Basins
Batteries
Belts
Berms

View all products / services offered"
"Agilent Technologies, Inc.",800-227-9770,https://www.agilent.com/,"Santa Clara, CA 95051 | Locations",Manufacturer,"ISO 9001:2008 or ISO 13485:2003 & ISO 14001:2004 certified  manufacturer of life sciences & chemical analysis equipment and electronic testing & measuring equipment. Life sciences & chemical analysis equipment includes spectroscopy & chromatography instruments & systems, vacuum pumps & vacuum measurement products, leak detectors, chromatography columns, bioreagents, standards & kits and software & informatics. Electronic test & measurement equipment includes oscilloscopes, analyzers & meters, generators, AC power sources, DC power supplies, software, modular systems and additional test & measurement products. Distributor of vacuum active gauges & life sciences automation equipment. Repair & calibration services are available.","Agilent Technologies, Vacuum Products Division

Agilent Technologies (formerly Varian, Inc.) is a full-service vacuum product supplier for scientific and industrial applications, manufacturing a wide range of state-of-the-art products to help you create, control, measure, and maintain vacuum. Agilents product offering includes a wide range of high vacuum diffusion, turbo molecular, and ion pumps; dry scroll and oil-sealed primary vacuum pumps; gauging and instrumentation for all vacuum regimes; and a full range of flanges, fittings and valves. Agilents VS series leak detectors are robust and highly accurate industrial leak detectors, and include oil-free, clean room compatible models. Agilent provides pre-and post-sale engineering assistance, basic vacuum and product training classes, custom product design, on-site field service and depot level service. We have full, worldwide support for OEMs and end users, including advanced exchange and local service for immediate response. ISO-9001 More... certified.

 Agilent offers unique expertise in applications, support, and system design to integrate these superior components into optimized solutions.

 Agilents VS series leak detectors combine the simplicity of two-button operation with advanced expert system intelligence, providing powerful capability and enabling a broad range of test methods for specific applications. Robust design innovations allow the VS series to conform to rigorous industrial standards and operate dependably in the most challenging environments. 

  Start and vent pushbuttons permit extremely simple day-to-day operation

  Intuitive navigation allows easy access to vast system capabilities

  Programmable test sequences minimize operator error and maximize production efficiency

  Optional wireless remote control provides all major leak detection functions at the operators fingertips, with a range of 100 meters

  High-definition touch screen display offers a wide range of languages and units of measure for worldwide usage Less",,$250 Mil. and over,1000+  Employees,"Gas Detectors: Digital
Chromatography Equipment & Supplies: Liquid Ultraviolet (UV) Detectors
Detectors: CCD
Detectors: Leak, Vacuum
Detectors: Mass Spectrometer


Detectors: Photoionization (PID)
Gas Detectors: Fixed System
Leak Detectors: Compressed Air, Gas
Sensors: Power
Sensors: Power, USB","All Products / Services

Absorbers
Analyzers
Automation Systems
Benches
Biotechnology Equipment
Chemicals
Chromatographs
Coating Equipment
Coils
Columns


Conditioners
Connectors
Consumables
Controls and Controllers
Converters
COVID-19 Response
Degasifiers
Diagnostic Equipment
Diffractometers
Electrophoresis Equipment

View all products / services offered"
"Texpetrol, Inc.",281-880-4810,https://texpetrolgasdetectors.com/,"Houston, TX 77068",Distributor,"Distributor of modular components for gas and flame detection systems. Products include sensors for combustible/toxic gas and flame, alarms, controlers and monitors. Individual components can be integrated into safety systems. Wireless and explosion-proof products are available. Serves the petrochemical, oil and gas industries.","TEXPETROL, Inc. as a solution provider of 3M gas and flame detection, we offer the best solution for life protection of workers and assets of the oil and gas industry. We offer a complete integration of fire and gas detection systems using a PLC with a very low probability to fail in demand, in our integration we use a PLC - SIL 2 or SIL 3, together with other devices with the same safety level and/or connected under supervision and monitoring and self-diagnostic of good performance. Our integration can be used in any place of oil and gas industry, such as upstream, midstream and downstream, off-shore or on-shore.",,Not Available,1-9  Employees,"Gas Detectors: Digital
Detectors
Detectors: Ammonia
Detectors: Carbon Dioxide
Detectors: Carbon Monoxide


Detectors: Combustible Gas
Detectors: Electrochemical
Detectors: Electronic
Detectors: Fire
Detectors: Flame

View all Sensors / Detectors / Transducers categories","All Products / Services

Actuators
Adapters
Alarms
Bushings
Caps
Compensators
Connectors
Controls and Controllers
Corrosion Resistant Products
Couplers and Couplings


Displays
Elbows
Electric Wire, Cable and Cable Assemblies
Fasteners
Ferrules
Fittings
Flanges
Gaskets
Gears
Hardware

View all products / services offered"
"CO2 Meter, Inc.",877-678-4259,https://www.co2meter.com/,"Ormond Beach, FL 32174",Manufacturer,"Manufacturer of CO2, O2, CO and VOC sensors, meters and monitors for PPM and gas measurement and control. Suitable for IAQ, HVAC, scientific, medical, agricultural, process, safety, personal, food packaging, business and industrial applications. Environment and biological sensors and data loggers. Specifications include 0-100% gas concentration, up to 20 Hz measuring rates, low power requirements, NDIR, incandescent and LED, flow or diffusion. Portable battery operated and wall-mount units available with data logging capabilities.","Our goal is to make high-quality, low-cost gas detection and indoor air quality products available to you. We have decades of experience in the gas detection industry, combined with engineering know-how, and a desire to offer cost-effective solutions for your gas measurement projects.",www.linkedin.com/company/co2meter.com,Not Available,Not Available  Employees,"Gas Detectors: Digital
Detectors: Carbon Dioxide
Detectors: Carbon Monoxide
Detectors: Gas
Detectors: Infrared


Gas Detectors: Custom
Sensors: Carbon Dioxide
Sensors: Gas
Sensors: Infrared
Sensors: Medical

View all Sensors / Detectors / Transducers categories","All Products / Services

Adapters
Air Quality Systems
Alarms
Cold Chain Equipment
Controls and Controllers
Data Loggers
Electric Wire, Cable and Cable Assemblies
Flowmeters
Indicators


Meters
Modules
Monitors
Power Supplies
Relays
Safety Equipment
Sensors / Detectors / Transducers
Transformers
Vaccine Cold Chain Supplies and Logistics"
Graphic Controls,800-669-1535,http://www.graphiccontrols.com/NA/Default.aspx,"Buffalo, NY 14204",Manufacturer,"Manufacturer of charts, markers, medical products and inkjet supplies, gas detectors and transactional media products. Types of charts include circular recording charts, strip recording charts and rectangular recording charts. Medical products such as patient monitoring supplies, laboratory supplies, imaging media products, emergency medicine products, ultrasound accessories, cohesive tapes and tape dispensers are available. Inkjet supplies include high-resolution inks, large character inks, wax jet solid inks and thermal transfer ribbons. Transactional media products such as gaming and slot machine tickets, entertainment tickets, plastic cards, printed paper products and paper roll products are available. Transactional media products are custom designed for gaming, entertainment and consumer applications. Capabilities include designing, printing, labeling, marking, laminating and supply chain management.","Graphic Controls has more than 60 years experience producing high quality, precision recording charts and marking systems for both medical and industrial instrumentation. Today we ship our products to over 45,000 customers in North America and over 80 countries worldwide from facilities in the US, Canada, and the UK.

Over the years our product lines have grown to include medical chart papers and accessories, ink jet fluids and equipment; entertainment, theme park and gaming tickets; point-of-sale papers, PVC cards and security products.

Graphic Controls is an ISO 9001 Quality Registered manufacturer, and is a FDA registered facility.",www.linkedin.com/company/graphic-controls,$50 - 99.9 Mil,200-499  Employees,"Gas Detectors: Digital
Detectors: Gas


Detectors: Hydrogen Sulfide
Detectors: Toxic Gas","All Products / Services

Cards
Charts
COVID-19 Response
Disinfectants
Disinfectants, Sanitizers, Soap and Cleaners
Dispensers
Film
Filters
Gels
Hurricane Response
Inks
Laboratory Equipment
Markers and Marking Equipment


Measuring Equipment
Medical & First Aid Supplies
Medical Equipment
Medical Laboratory Consumable Supplies
Medical Products and Hospital Equipment
Medical/Hospital Consumable Supplies
Monitors
Mounts
Paper
Paper Products
Pens
Printing Equipment and Supplies
Ribbons

View all products / services offered"
"RAE Systems, Inc.",877-723-2878,http://www.raesystems.com,"San Jose, CA 95134",Manufacturer,"Manufacturer of deployable chemical & radiation detection monitors & multi-sensor networks for homeland security & industrial applications. Products include portable, wireless & fixed atmospheric monitors, photoionization detectors & gamma & neutron radiation detectors for detection & warning of hazardous materials. Other products include multi gas detectors, piston hand pumps, smoke generation tubes, wireless modems, zeroing kits, inlets, humidity filtering tubes, dosimeters, chest straps, holsters, identification devices, PC based software, rapid deployment kits, sensor conditioning stations & various types of fixed systems. Radiation & gas detecting monitors & sensors are available with various accessory & battery options. Monitors, systems, sensors & detectors are suitable for government agency, military, fire department, responder, homeland security, laboratory, medical, hospital, public venue protection, transportation logistic & community awareness applications. Capability includes repair services for various types of gas detection instruments & personal radiation detectors. Meets ATEX standards.",,,$5 - 9.9 Mil,50-99  Employees,"Gas Detectors: Digital
Detectors
Detectors: Ammonia
Detectors: Carbon Monoxide
Detectors: Combustible Gas


Detectors: Diesel Fume
Detectors: Fire
Detectors: Gas
Detectors: Gas, IR Point
Detectors: Gasoline Leak

View all Sensors / Detectors / Transducers categories","All Products / Services

Air Quality Systems
Alarms
Analyzers
Badges
Confined Space Equipment
Dosimeters
Enclosures
Identification Products
Identifiers
Instruments


Kits
Maintenance and Repair Services
Measuring Equipment
Meters
Modems
Monitoring Systems
Monitors
Pumps
Sensors / Detectors / Transducers
Stations

View all products / services offered"
Wicks Aircraft Supply,800-221-9425,https://www.wicksaircraft.com/,"Highland, IL 62249",Distributor,"Stocking distributor of aircraft & motorsports accessories, parts & supplies. Products include hardware, fasteners, alloys, plywood, tubing, cleaners, sheets, controls, cables, fittings, gifts, instruments, nails, glue, adhesives, lighting, placards, tires, tubes, wheels & brakes. Cleaners include polishers, penetrants, protectants, sealants & degreasers. Fasteners include cable bushings, shackles, pins, latches, clamps, rivets, springs, thimbles, universal joints, bolts, nuts, washers & screws. Instruments include engines, accelerometers, indicators, altimeters, inclinometers, tachometers, voltmeters, gauges, clocks, ammeters, shunts & engine monitors. Tools include rivet squeezers, fuel & water funnels, tow bars, air guns, chip chasers, dust extractors & clamping tools. Electrical products include batteries, circuit breakers, adapters, terminals, fuses, liquid tapes, tie mounts, cable ties, sleeving & switches.",,,$5 - 9.9 Mil,10-49  Employees,"Gas Detectors: Digital
Detectors
Detectors: Carbon Monoxide
Detectors: Gas
Sensors


Sensors / Detectors / Transducers: 3M
Sensors: Aircraft
Sensors: Temperature
Transducers: Digital","All Products / Services

Abrasive Compounds / Media
Accelerometers
Acetal
Acoustical Materials
Adapters
Additive Manufacturing Materials
Additives
Adhesives
Adjusters
Aerosols


Agents
Aggregates
Aircraft
Aircraft Parts
Alternators
Altimeters
Aluminum
Ammeters
Analyzers
Anchors

View all products / services offered"
The Canada Company,800-851-9736,http://www.canadaco.com,"Tulsa, OK 74145",Manufacturers' Rep,"Mfr's rep. of instruments & flow control systems. Various products include transmitters, tank & level gages, flowmeters, flowtubes, detectors, lubrication systems, tank valves, vents, flame detonation arrestors & temperature & positional controls. Engineering services are also available.",,,$1 - 4.9 Mil,1-9  Employees,"Gas Detectors: Digital
Detectors
Detectors: Ammonia
Detectors: Carbon Monoxide
Detectors: Combustible Gas


Detectors: Electrochemical
Detectors: Flame
Detectors: Flame, IR
Detectors: Flame, Ultraviolet (UV)
Detectors: Flame, UV/IR

View all Sensors / Detectors / Transducers categories","All Products / Services

Actuators
Alarms
Analyzers
Annunciators
Arresters
Batchers
Blenders
Borescopes
Calibrators
Cameras


Cold Chain Equipment
Communication Systems
Compensators
Conditioners
Connectors
Controls and Controllers
Converters
Corrosion Resistant Products
Covers
COVID-19 Response

View all products / services offered"
Wilmington Instrument Co.,800-544-2843,https://www.calcert.com/,"Wilmington, CA 90744 | Locations",Distributor,"ISO/IEC 17025:2005, ANSI/ NCSL Z540-1-1994(R2002) and ANSI/ NCSL Z540-3-2006 (R2013) certified distributor of test, measurement & process instrumentation products including electrical, electronic, temperature, pressure, physical mechanical & calibrator. Electrical instruments; ammeters, DMMs, power meters, transmitters, RPM indicators, tachometers, shunts & milliohmmeters. Electronic instruments including; counters, signal & function generators, oscilloscopes, surge testers & spectrum analyzers. Temperature instruments include thermometers, simulators & calibrators, RTDs, controllers & pyrometers. Pressure instruments including; analog & digital gauges & absolute pressure instruments, transducers, switches & portable calibrators. Physical mechanical instruments include torque wrenches, calipers & gauge blocks. Calibrators such as voltage & current sources, thermocouple & frequency calibrators. Services include physical, mechanical, electrical & frequency calibration, testing & repair. Markets serve; petrochemical, power & utilities, aerospace, pharmaceutical & food processing.",,www.linkedin.com/company/wilmington-instrument-co.-inc.,$5 - 9.9 Mil,10-49  Employees,"Gas Detectors: Digital
Detectors: Ammonia
Detectors: Carbon Dioxide
Detectors: Carbon Monoxide
Detectors: Combustible Gas


Detectors: Electrochemical
Detectors: Gas
Detectors: Hydrogen Chloride
Detectors: Hydrogen Cyanide
Detectors: Hydrogen Sulfide

View all Sensors / Detectors / Transducers categories","All Products / Services

Adapters
Alarms
Ammeters
Analyzers
Anemometers
Baths
Batteries
Blocks
Borescopes
Buzzers


Calibration Services
Calibrators
Cameras
Cases
Clips
Clothing
Cold Chain Equipment
Communication Systems
Conditioners
Connectors

View all products / services offered"
"Eastern Controls, Inc.",610-325-4600,https://www.easterncontrols.com/,"Edgemont, PA 19028 | Locations",Distributor,"Manufacturers rep. & distributor of process control & instrumentation equipment. Products include control valves, on-off valves, sanitary valves, actuators, pressure regulators, gas detection instruments, gas chromatographs, steam/condensate traps, transmitters, safety systems, controllers, recorders & flow computers. Other products such as measurement instruments, freeze protection/winterization products, instrument manifold & root valves, process & network connectivity products, remote I/O & network products, wireless products, intrinsic safety barriers & emergency shutdown (ESD) systems. Types of measurement instruments include pressure, flow, level, temperature, pH & conductivity measurement instruments. Repair, maintenance, field, application engineering & training services are available. Remanufactured products such as valves & instruments are also available. Markets served include sanitary, pharmaceutical, HVAC, industrial, refining, pulp & paper, power, petrochemical, OEM, environmental & semiconductor industries. Field & shop services available 24/7.",,,$25 - 49.9 Mil,10-49  Employees,"Gas Detectors: Digital
Detectors: Carbon Monoxide
Detectors: Combustible Gas
Detectors: Gas
Detectors: Gas, IR Point


Detectors: Hydrogen Chloride
Detectors: Hydrogen Cyanide
Detectors: Hydrogen Sulfide
Detectors: Leak
Detectors: Liquid Level

View all Sensors / Detectors / Transducers categories","All Products / Services

Actuators
Ammeters
Analyzers
Barriers
Cabinets
Computers
Controls and Controllers
Enclosures
Flowmeters
Gages


Gearheads and Gearboxes
Maintenance and Repair Services
Management Systems
Meters
Monitors
Network Equipment
Positioners
Recorders
Regulators
Relays

View all products / services offered"
GDS Corp.,409-927-2980,https://www.gdscorp.com/,"League City, TX 77573",Manufacturer,"Manufacturer of CSA-approved fixed gas & flame detection systems. Products include wired & wireless gas monitors, UV, infrared & triple-IR flame detectors, display & alarm controllers, visualization & data logging software & gas calibration products. Built around controllers that monitor between two & 64 channels, GDS Corp gas detection systems cover both toxic & combustible applications, including carbon monoxide, hydrogen sulfide, methane, natural gas, sulfur dioxide, volatile organic compounds such as benzene & many more. GDS Corp wireless products are available with dedicated 900Mhz or 2.4Ghz modems as well as 802.11 b/g WIFI.",,,Under $1 Mil,1-9  Employees,"Gas Detectors: Digital
Detectors: Ammonia
Detectors: Carbon Dioxide
Detectors: Combustible Gas
Detectors: Flame


Detectors: Flame, IR
Detectors: Flame, Ultraviolet (UV)
Detectors: Flame, UV/IR
Detectors: Gas
Detectors: Gas, IR Point

View all Sensors / Detectors / Transducers categories","All Products / Services

Analyzers
Controls and Controllers
Generators
Indicators


Monitoring Systems
Monitors
Sensors / Detectors / Transducers
Software"
"G.A. Safety Supply, Inc.",540-982-5429,https://www.gasafetysupply.com/,"Roanoke, VA 24016",Distributor,"Distributor of a broad range of safety products & protection equipment & supplies. Products include aprons, coverwalls, rainwear, sleeves, shoe & boot covers, ear plugs, knee pads, sunglasses, sideshields, lens cleaning products, eyewear retainers, connectors, harnesses, lanyards, self-retracting lifelines, retrieval systems, cans, footwear, respirators, hand gloves, hats, visor brackets, bandanas, locks, hasps, first aid kits, gas detecting monitors, gas masks, filters, sorbents, vests, barricade tapes, signs & labels. Meets OSHA & ANSI standards. CSA & CE approved.","G/A Safety & Industrial Supply is the place to go for all your safety product needs.

Whatever you may be looking for -- from hard hats to fall protection gear, ace bandages to zipper bag spill kits, rainwear to ice treads, we're the place to get it all. Watch this site for information on the newest safety products, sales, closeouts and information regarding new safety laws and standards. Please feel free to contact us with any questions you may have.",,Under $1 Mil,1-9  Employees,"Gas Detectors: Digital
Detectors
Detectors: Carbon Monoxide
Detectors: Combustible Gas
Detectors: Gas


Detectors: Hydrogen Sulfide
Detectors: Leak
Detectors: Oxygen Enrichment
Oxygen Sensors: High Temperature
Oxygen Sensors: Low Temperature

View all Sensors / Detectors / Transducers categories","All Products / Services

Air Filtration Equipment & Supplies
Applicators
Aprons
Assemblies
Assembly Machinery
Bags
Bandages
Bandanas
Banners
Barricades


Batteries
Belts
Binoculars
Blowers
Booms
Boots
Boxes
Cabinets
Cans
Caps

View all products / services offered"
Blackridge Solutions Inc.,778-686-5799,https://www.blackridgesolutions.com/index.html,"North Vancouver, BC V7H1H9",Distributor,"Distributor of workplace safety systems and GPS trackers. Products include lone worker monitoring devices, portable toxic gas detectors, two-way communicators, asset monitoring systems and personal locators.",,,Not Available,Not Available  Employees,"Gas Detectors: Digital
Detectors: Gas
Detectors: Gas, Wireless
Detectors: Toxic Gas


Gas Detection Systems
Gas Detectors: Fixed System
Gas Leak Detection Equipment","All Products / Services

Alarms
Communication Systems
Fire Fighting Electronics
Global Positioning Systems (GPS)
Intrinsically Safe Products
Locators
Management Systems


Monitoring Systems
Monitors
Safety Equipment
Sensors / Detectors / Transducers
Trackers
Wildfire Response"
"Labthink International, Inc.",617-830-2190,https://www.labthinkinternational.com,"Medford, MA 02155",Manufacturer,"Manufacturer of packaging test instruments, laboratory testing instruments and online database management systems. Packaging test instruments such as permeability/barrier test systems, force/tensile strength testing systems, thickness testing systems, friction testing systems, thermal properties testing systems, tearing/impact testing systems and leak/seal testing systems are available. Online database management systems are available in cloud computing, intranet and mobile application versions. Other testing instruments such as stripping testers, compression testers, durability testers, adhesive testers, torque testers, fogging testers, light sources and gas chromatographs are available. Testing instruments are CE certified and meet ISO and ASTM test standards. Testing services, online data management services and data processing services are available. Markets served include packaging mfrs., food/beverage, medical, pharmaceutical, cosmetic, chemical, printing and automobile industries.","Labthink International, Inc. is a global enterprise that manufacturers and provides professional quality control solutions for packaging materials and products. The core businesses include the R&D of laboratory testing instruments, packaging testing and test data processing services. 

Labthink International is dedicated to providing integrated professional quality control solutions for packaging manufacturers, food and beverage producers, medical and pharmaceutical companies, and daily chemical and printing industries. Our Greater Boston headquarters combines functions of the North America sales division, the R&D center, the packaging testing laboratory, and the customer services center and administrations.",www.linkedin.com/company/labthink-international-inc-?trk=nav_account_sub_nav_company_admin,$5 - 9.9 Mil,200-499  Employees,"Gas Detectors: Digital
Detectors
Detectors: Leak


Detectors: Leak, Vacuum
Gas Leak Detection Equipment
Leak Detectors: Bottle","All Products / Services

Analyzers
Database Management Services
Inspection Equipment
Instruments
Lights
Management Systems
Measuring Equipment
Measuring Services


Meters
Micrometers
Sensors / Detectors / Transducers
Software
Storage Services
Testers
Testing Services
Tribometers"
"Sentinel Process Systems, Inc.",800-345-3569,http://www.sentinelprocess.com,"Hatboro, PA 19040 | Locations",Distributor,"Custom manufacturer & distributor of high purity valves, hoses & fittings. Various products include adapters, amplifiers, bags, assemblies, balls, hose barbs, switch boxes, pH buffers, clamps, sensors, containment systems, resistance temperature detectors (RTD), rotary evaporators, filters, fittings, gaskets, gauges, hardware, dissolved oxygen probes, spargers, switches, tees, thermocouples, thermowells, steam traps, tubing, totes & valves. Markets served include pharmaceutical, specialty & industrial chemicals, laboratories, research & development facilities, pharmaceutical, biotech & high purity chemical. Stock items are also available.","We are a Distributor,Fabricator and Assembler of various Technologies, Materials, and Equipment used in the R & D and manufacture of high purity materials within Clean Industrial markets. Our end users include Pharmaceutical, Biotech, Specialty Chemical, Cosmetics, Food and Beverage manufacturing companies.

Sentinel Process Systems, Inc. is committed to working with you and our partners listed below to effectively market, deliver, and service the products and solutions we offer these markets. We will positively impact our customer's bottom line by successfully deploying these technologies, improving their processing capabilities or facilities and enhancing their business operations.

Sentinel operates multiple, strategically located, operational centers of excellence staffed by outstanding people. One of Sentinel's key differentiator is our expertise on the engineered products, technologies, and allied goods represented by us and used extensively by our customers. Sentinel continues to innovate More... with these products and enhance our services to satisfy the needs and expectations of all our customers.

 Our goal is clear: ""Doing business with Sentinel will be easy and satisfying for all"". We are proud that our business employs highly developed systems to empower our employees to exceed customer expectations and deliver top quality. We look forward to helping you and your staff and providing all who we work with the experience they deserve. Less",,$10 - 24.9 Mil,10-49  Employees,"Gas Detectors: Digital
Biosensors
Detectors
Detectors: Carbon Dioxide
Detectors: Electrochemical


Detectors: Oxygen Enrichment
Detectors: Resistance Temperature (RTD)
Oxygen Sensors: High Temperature
Oxygen Sensors: Low Temperature
Resistance Temperature Detectors (RTD): Sanitary

View all Sensors / Detectors / Transducers categories","All Products / Services

Actuators
Adapters
Amplifiers
Bags
Balls
Blenders
Boxes
Brackets
Buffers
Caps


Cells
Clamps
Columns
Connectors
Containment Systems
Controls and Controllers
Coolers
Corrosion Resistant Products
Couplers and Couplings
Covers

View all products / services offered"
"Boston Aircontrols, Inc.",888-423-2525,https://bostonaircontrols.com/,"Burlington, MA 01803",Distributor,"Stocking distributor of HVAC equipment & supplies. Products include temperature, humidity, heat pump & electric heat controls, damper & valve actuators, single & dual stage heating & cooling equipment, thermoelectric valves, air conditioners, beacons, plenum cables, air handling systems, detectors, electric enclosures, air & gas dryers, variable frequency drives, tube fittings, pressure gages, humidifying equipment, valve operators, air testing instruments, air & pressure regulators, control panels, electric & power relays, identification tags, thermoanemometers, thermistors, transducers, thermostats, transformers, switches & pressure dependent VAV boxes.",,,$1 - 4.9 Mil,1-9  Employees,"Gas Detectors: Digital
Detectors: Carbon Monoxide
Detectors: Fire
Detectors: Gas
Detectors: Leak


Detectors: Resistance Temperature (RTD)
Detectors: Smoke
Detectors: Water
Sensors / Detectors / Transducers: Honeywell
Sensors / Detectors / Transducers: IDEC

View all Sensors / Detectors / Transducers categories","All Products / Services

Actuators
Adapters
Air Conditioner Parts
Air Handlers
Alarms
Anemometers
Annunciators
Balls
Blocks
Bushings


Caps
Clocks
Conditioners
Connectors
Controls and Controllers
Coolers
Cooling Tower Equipment
Couplers and Couplings
Crosses
Drains

View all products / services offered"
Robinair,800-628-6496,https://www.robinair.com/,"Owatonna, MN 55060",Manufacturer,"Serves The HVAC-R With Refrigeration Service Vacuum Pump Product Line. Specializing In AC/R Evacuation Tools & Refrigerant Recovery Equipment. Products Include Vacuum Pumps, Vacuum Gages, Refrigerant Reclaimers, Pressure Gages, Refrigerant Hose, Pressure Manifolds, HVAC-R Leak Detection Products, Refrigerant Leak Alarms, Refrigerant Recovery Cylinders, & HVAC-R Thermometers. Experienced In OEM, Custom, & Private Labeling",,,Not Available,200-499  Employees,"Gas Detectors: Digital
Gas Detectors: Fixed System


Refrigerant Leak Detection Dyes & Equipment","All Products / Services

Alarms
Reclaimers
Reclaiming Services


Recovery Equipment
Sensors / Detectors / Transducers
Testers"
Concept Controls,888-207-2212,https://www.conceptcontrols.com/us/,"Calgary, AB T2E7C7",Distributor,"Manufacturer & distributor of safety & instrumentation products, gas detection equipment & industrial hygiene equipment. Products include portable gas detectors, fixed gas detectors, wireless gas detectors, gas detector tubes, gas calibration cylinders, air sampling equipment, sampling tubes, cassettes/filters, noise/sound level meters, indoor air quality monitors, particulate monitors, heat stress monitors, human vibration monitors, respirator fit testers, CBRNE equipment & water level/quality meters. Other products such as transmitters, controllers, sensors, cylinder regulators, cylinder cases, pH meters, pH buffer solutions, dissolved oxygen meters, turbidity meters, sorbent tubes, tubing, bailers & sampling pumps are available. Calibration & maintenance services are available. Products are available on rent. Used products such as gas detectors, industrial hygiene monitors & specialty equipment are also available.",,www.linkedin.com/company/concept-controls-inc.,Under $1 Mil,1-9  Employees,"Gas Detectors: Digital
Bluetooth Sensors
Detectors
Detectors: Ammonia
Detectors: Bomb


Detectors: Carbon Dioxide
Detectors: Carbon Monoxide
Detectors: Combustible Gas
Detectors: Diesel Fume
Detectors: Electrochemical

View all Sensors / Detectors / Transducers categories","All Products / Services

Absorbers
Actuators
Adapters
Air Filtration Equipment & Supplies
Analyzers
Anemometers
Antennas
Attachments
Audiometers
Bags


Bailers
Bands
Batteries
Blanks
Boxes
Breakers
Buffers
Buttons
Calibration Services
Calibrators

View all products / services offered"
ECOTEC Solutions Inc.,909-906-1001,https://www.ecotecco.com/,"Colton, CA 92324",Manufacturer,"Manufacturer of standard and custom gas analyzing equipment. Detectors, monitoring systems, sensors, survey vehicles, gas leak, diode laser and portable analyzers are offered. Rental services are also available. Suitable for landfill, biogas and carbon credit verification applications.",,,Not Available,Not Available  Employees,"Gas Detectors: Digital
Detectors
Detectors: Gas
Detectors: Laser
Detectors: Leak


Detectors: Toxic Gas
Gas Detectors: Methane
Gas Leak Detection Equipment
Industrial Leak Detectors
Sensors

View all Sensors / Detectors / Transducers categories","All Products / Services

Analyzers
Instruments
Measuring Equipment
Monitoring Systems


Rental and Leasing Services
Sensors / Detectors / Transducers
Vehicles"
mPower Electronics Inc.,866-676-9377,https://www.mpowerinc.com/,"Santa Clara, CA 95054",,"Manufacturer of gas detection and alarm systems for environmental, refinery, oil and gas industries. Products include detectors, monitors, transmitters, photoionization (PID) sensors and wireless warning systems. Types of detectors such as ammonia, carbon dioxide, electrochemical, gas, hydrogen chloride, infrared, hydrogen sulfide, ozone, hydrogen cyanide, photoionization, sulfur dioxide and toxic gas are provided. UL listed. CE certified. CSA approved.",,,Not Available,Not Available  Employees,"Gas Detectors: Digital
Detectors
Detectors: Ammonia
Detectors: Carbon Dioxide
Detectors: Electrochemical


Detectors: Gas
Detectors: Hydrogen Chloride
Detectors: Hydrogen Cyanide
Detectors: Hydrogen Sulfide
Detectors: Infrared

View all Sensors / Detectors / Transducers categories","All Products / Services

Alarms
Monitors
Sensors / Detectors / Transducers


Transmitters
Warning Systems"
Uniphos Envirotronic Inc.,844-247-0450,https://www.uniphosamericas.com,"Sugar Land, TX 77479",Distributor,"Manufacturer and distributor of gas detection systems and related products. Selection includes gas detector tubes and strips, wireless gas detectors, digital gas transmitters, gas sampling bags, fumigation gas monitors, gas regulators and personal gas detectors. Serving the oil and gas, emergency services, government agency, shipping, marine, food processing, scientific research, education and environmental remediation markets.",,,Not Available,Not Available  Employees,"Gas Detectors: Digital
Detectors: Gas
Detectors: Gas, Wireless
Detectors: Toxic Gas


Gas Detection Systems
Gas Detectors: Fixed System
Gas Leak Detection Equipment","All Products / Services

Alarms
Bags
Intrinsically Safe Products
Monitoring Systems
Monitors


Regulators
Safety Equipment
Sensors / Detectors / Transducers
Tubes"
"Dexter Research Center, Inc.",734-426-3921,https://dexterresearch.com/,"Dexter, MI 48130",Manufacturer,"Manufacturer of infrared sensing components for research, industrial, automotive, aerospace, appliance, and medical sectors. Products include thermopile, infrared temperature and measurement sensors, flame and silicon detectors, lead and digital detectors, proximity and motion sensors, infrared temperature monitors, and non-contact sensors.",,,$5 - 9.9 Mil,50-99  Employees,"Gas Detectors: Digital
Detectors
Detectors: Fire
Detectors: Flame
Detectors: Gas


Detectors: Heat
Detectors: Infrared
Detectors: Lead
Detectors: Motion
Detectors: Presence/Absence

View all Sensors / Detectors / Transducers categories","All Products / Services

Amplifiers
Boards
Controls and Controllers
Monitoring Systems


Monitors
Security Systems
Sensors / Detectors / Transducers
Thermometers"
"GDS, Inc.",610-738-7893,,"West Chester, PA 19380",Custom Manufacturer,"Custom manufacturer of ultra high purity precision welded & fabricated products. Various products include assemblies, weldments, spool pieces, skidded systems, gas panels & manifolds & medical tools. Capabilities include field installation, engineering, product development, weld procedure evaluation & helium leak, pressure & hydrostatic testing. Various industries served include pharmaceutical, semiconductor, medical, aerospace, vacuum & instrumentation.","GDS provides custom fabrication and precision welding for a wide array of applications. From medical valves and instrumentation weldments requiring ultra high purity welding to custom designed stainless steel tablet PC docking stands for clean room environments. We can evolve and engineer your specific need from initial concept through project completion.

Our field service and skid fabrication group provides complete services for the pharmaceutical, microelectronic and optoelectronic industries. We fabricate, install or retrofit the following: Process Skids, USP Fluid Process & Distribution Systems, Gas & Chemical Delivery Systems and Stainless Steel Process Piping. GDS maintains the highest integrity in its onsite orbital welding practices and analytical testing for these industries.

We are a quality-orientated company whose goals are to exceed customer expectations. Our fully trained personnel are dedicated to providing the finest products and services.",,Under $1 Mil,1-9  Employees,"Gas Detectors: Digital
Detectors: Moisture
Gas Detectors: Custom
Gas Detectors: Fixed System


Gas Detectors: Methane
Sensors: Gas
Sensors: Moisture
Transducers: Pressure, UHP","All Products / Services

Analytical Services
Analyzers
Assemblies
Assembly Machinery
Assembly Services
Boxes
Cabinets
Chambers
Cleaning Equipment
Cleanroom Equipment
Cleanroom Services


Cleanrooms
Controls and Controllers
Coolers
COVID-19 Response
Cylinders
Delivery Systems
Disinfection Systems
Enclosures
Engineering Services
Exchangers
Fabrication Services

View all products / services offered"
Northern Safety & Industrial,800-571-4646,https://www.northernsafety.com,"Frankfort, NY 13340 | Locations",Distributor,"Distributor of safety & industrial supplies including safety eyewear, hand protection, protective clothing,  head & face protection, hearing protection, respirators, gloves, foot protection, fall protection, first aid, power tools, hand tools, safety storage & handling, secondary containment, material handling, janitorial equipment & supplies.",,,$100 - 249.9 Mil,200-499  Employees,"Gas Detectors: Digital
Detectors
Detectors: Alcohol/Breath
Detectors: Ammonia
Detectors: Carbon Dioxide


Detectors: Carbon Monoxide
Detectors: Combustible Gas
Detectors: Gas
Detectors: Hydrogen Chloride
Detectors: Hydrogen Cyanide

View all Sensors / Detectors / Transducers categories","All Products / Services

Abrasive Compounds / Media
Absorbers
Adhesives
Air Filtration Equipment & Supplies
Alarms
Analyzers
Antiseptics
Applicators
Aprons
Badges


Bags
Balancers
Bandages
Barrels and Drums
Barricades
Barriers
Baths
Batteries
Belts
Benches

View all products / services offered"
Central States Group,888-389-1584,http://www.centralstatesgroup.com,"Omaha, NE 68138 | Locations",Distributor,"Distributor of pipe, valves, piping accessories, industrial pumps & valve automation. Fluid handling products such as steam traps, control & high performance valves, corrosion resistant piping & grooved piping systems are also available. Valves include sanitary butterfly, plug, ball, check, gate, globe, sampling & rising stem valves. Instrumentation include actuators, limit switches, instrumentation fittings, transmitter manifolds, low pressure brass fittings, quick connectors, thermometers, gauges, RTDs, thermocouples, temperature & pressure sensors, pressure & temperature regulators, fluid & gas meters & sensors, positive displacement & turbine meters, positioners, switch boxes & pneumatic cylinders. Pumps & process equipment include rotary, positive displacement, air operated double diaphragm, progressive cavity, centrifugal, vertical & horizontal, end suction & submersible pumps.",,,$25 - 49.9 Mil,50-99  Employees,"Gas Detectors: Digital
Detectors: Combustible Gas
Detectors: Gas
Detectors: Gas, IR Point
Detectors: Pipe


Detectors: Toxic Gas
Gas Detectors: Fixed System
Gas Detectors: Methane
Sensors: Flow, Gas
Sensors: Gas

View all Sensors / Detectors / Transducers categories","All Products / Services

Acoustical Materials
Actuators
Adapters
Adhesives
Alarms
Analyzers
Anchors
Assemblies
Automation Services
Automation Systems


Balls
Barriers
Bases
Bellows
Bodies
Bolts
Calibration Services
Calibrators
Caps
Certification Services

View all products / services offered"
Davis Instruments,888-627-3370,http://www.davis.com,"Tulsa, OK 74146 | Locations",Distributor,"Distributor of test equipment & controls including oscilloscopes, spectrum analyzers, function generators, power supplies, signal generators, meters, power meters, DMMs, clamp meters, probes, pressure transducers.",,,Not Available,Not Available  Employees,"Gas Detectors: Digital
Detectors
Detectors: Ammonia
Detectors: Bearing Wear
Detectors: Carbon Dioxide


Detectors: Carbon Monoxide
Detectors: Combustible Gas
Detectors: Corrosion
Detectors: Electronic
Detectors: Electrostatic

View all Sensors / Detectors / Transducers categories","All Products / Services

Accelerometers
Adapters
Adjusters
Air Quality Systems
Alarms
Altimeters
Ammeters
Amplifiers
Analyzers
Anemometers


Autodialers
Automation Services
Balancers
Balances
Barometers
Baths
Batteries
Blocks
Books
Borescopes

View all products / services offered"
BK Corrosion,800-454-9451,https://www.bkcorrosion.com/,"Houston, TX 77011 | Locations",Distributor,"Distributor of cathodic protection equipment including anodes, rectifiers, junction boxes, backfill, cable, test stations & instruments including test equipment & accessories, pipe locators & pipe locator accessories. Distributor of power transmission products including electrical equipment, lubricants, mechanical power transmission, motors, motor parts & bases, drives, circuit breakers, belts, conveyors & conveyor parts, sprockets, bearings & seals, clutches, couplings, gear reducers, IEC motors, oilfield sheaves, industrial hose & oilfield mud pump parts. Gearbox repair services are available. Products are suitable for a variety of industries including marine, oil & gas, refineries, underground & above ground tanks, pipeline, chemical processing, utilities, paper, aggregate & food & beverage.",,,$25 - 49.9 Mil,50-99  Employees,"Gas Detectors: Digital
Detectors
Detectors: Combustible Gas
Detectors: Corrosion
Detectors: Flaw


Detectors: Gas
Detectors: Holiday
Detectors: Leak
Detectors: Metal
Detectors: Pipe

View all Sensors / Detectors / Transducers categories","All Products / Services

Adapters
Anodes
Bars
Bases
Bearing Components
Bearings
Belts
Boxes
Brakes
Breakers


Buckets
Bushings
Calibrators
Caps
Chains
Checkers
Clamps
Clips
Clutches
Collars

View all products / services offered"
